,total_h2_sold_per_station,prioritize,profitability threshold,longitude,latitude,station_location,size_station,cumulative_demand,construction_year,propriety
0,25141.76,1,3.0,5.00451,49.44561,hub,large,0.0393019465485231,2030,1
1,18565.12,1,3.0,4.89524472,44.03162786,hub,large,0.0683231985971832,2030,1
2,16916.48,1,3.0,-1.55755586,47.20602008,hub,large,0.0947672738229892,2030,1
3,11450.88,1,2.8627,2.6920610000000003,50.4785714,hub,large,0.1126674476252033,2030,0
4,10805.76,1,2.7014,1.6561556,48.3304943,hub,large,0.1295591609315179,2030,0
5,9390.08,1,2.3475,1.0608253250000002,49.3623212,hub,large,0.1442378637051645,2030,1
6,9372.16,1,2.343,1.9740938,48.77210695,hub,large,0.1588885536872583,2030,0
7,9175.04,1,2.2938,3.0965415666666667,50.308296866666666,hub,large,0.1732311029622718,2030,0
8,8960.0,1,2.24,6.0243622,47.2380222,hub,large,0.1872374987386521,2030,1
9,8917.440862006468,1,2.229360215501617,2.697542033123256,49.396722416100616,road,large,0.201177365482595,2030,0
10,8917.440862006468,1,2.229360215501617,2.871694551830265,50.10113427032396,road,large,0.2151172322265379,2030,1
11,8917.440862006468,1,2.229360215501617,2.900111614837857,50.31465862370554,road,large,0.2290570989704808,2030,0
12,8171.52,1,2.0429,2.47657425,49.26489755,hub,large,0.2418309319185397,2030,1
13,8064.0,1,2.016,-0.3864208157082929,47.4972822875,hub,large,0.254436688117282,2031,1
14,7490.559999999999,1,1.8726,-1.0490777295677982,47.2574172,hub,large,0.2661460349863359,2031,1
15,7383.04,1,1.8458,7.4133351,48.7692184,hub,large,0.2776873051060733,2031,0
16,7365.12,1,1.8413,5.079057233333334,47.3011305,hub,large,0.2892005624342579,2031,0
17,7239.679999999999,1,1.8099,4.9287265,43.3973905,hub,large,0.3005177302215732,2031,0
18,7185.92,1,1.7965,-0.2057893552874009,46.98320275,hub,large,0.3117508596342302,2031,1
19,7114.24,1,1.7786000000000002,-0.5957869999999998,48.5500968,hub,large,0.3228719378806762,2031,0
20,6952.96,1,1.7382,6.158619,49.227184533333336,hub,large,0.3337409010031473,2031,1
21,6218.24,1,1.5546,2.3462084,49.88572855,hub,large,0.3434613396719553,2031,0
22,5806.08,1,1.4515,3.4900652,49.4723325,hub,large,0.3525374841350497,2031,0
23,5555.2,1,1.3888,7.3579641,48.0777517,hub,large,0.3612214495164055,2031,1
24,5501.4400000000005,1,1.3754,3.30819445,49.81625,hub,large,0.369821376523103,2031,1
25,5393.92,1,1.3485,-0.7734022,48.0706687,hub,large,0.378253226780484,2031,0
26,5304.32,1,1.3261,4.9473513,48.6371125,hub,large,0.3865450130801012,2032,1
27,5263.923020878167,1,1.315980755219542,5.967752745953975,45.53691896100016,road,large,0.3947736502638979,2032,1
28,5263.923020878167,1,1.315980755219542,6.215159830563675,45.56495265441731,road,large,0.4030022874476947,2032,0
29,5196.8,1,1.2992,1.19692,45.18516,hub,large,0.4111259969979953,2032,0
30,5165.115336363348,1,1.291278834090837,4.8718378468145085,45.06691865267444,road,large,0.4192001766443967,2032,0
31,5165.115336363348,1,1.291278834090837,4.797245451617696,44.6710621306595,road,large,0.4272743562907981,2032,1
32,5165.115336363348,1,1.291278834090837,4.922717622461537,43.88658602401537,road,large,0.4353485359371994,2032,1
33,5165.115336363348,1,1.291278834090837,5.229410711910947,43.55796565488035,road,large,0.4434227155836008,2032,1
34,5017.599999999999,1,1.2544,1.8226483,48.99262965,hub,large,0.4512662972183738,2032,1
35,4940.7075726796165,1,1.235176893169904,5.570934439353717,46.85249787588068,road,large,0.4589896795485423,2032,0
36,4940.7075726796165,1,1.235176893169904,5.259852652232238,46.2505864195335,road,large,0.4667130618787108,2032,1
37,4895.888092983353,1,1.2239720232458382,4.179336408152805,43.726224271926846,road,large,0.4743663817790672,2032,0
38,4895.888092983353,1,1.2239720232458382,3.295225920469808,43.338968764234544,road,large,0.4820197016794235,2032,1
39,4895.888092983353,1,1.2239720232458382,2.8950283531836454,42.78275379534364,road,large,0.4896730215797798,2033,0
40,4895.888092983353,1,1.2239720232458382,2.8569308097380333,42.47539934548716,road,large,0.4973263414801361,2033,1
41,4820.48,1,1.2051,0.534411,49.5188282,hub,large,0.5048617824078288,2033,1
42,4797.222221021053,1,1.1993055552552632,1.9450172595926865,43.28841170379598,road,large,0.5123608664541308,2033,1
43,4797.222221021053,1,1.1993055552552632,2.741948745288952,43.16890067197148,road,large,0.519859950500433,2033,1
44,4748.8,1,1.1872,4.854519275,46.8416993,hub,large,0.5272833402619146,2033,1
45,4605.44,1,1.1514,3.4515087,50.373341825,hub,large,0.5344826276909741,2033,0
46,4484.051583448048,1,1.1210128958620118,3.969042511437332,46.46181151755479,road,large,0.5414921590703802,2033,0
47,4484.051583448048,1,1.1210128958620118,4.681115468844718,46.36665939129923,road,large,0.5485016904497862,2033,0
48,4444.16,1,1.111,1.3070367333333337,43.9278982,hub,large,0.5554488627548708,2033,0
49,4399.192311511611,1,1.0997980778779026,0.3051646485282707,49.3133337654017,road,large,0.562325740948112,2033,0
50,4399.192311511611,1,1.0997980778779026,0.1419237512513107,49.26256555057668,road,large,0.5692026191413532,2033,1
51,4391.903454072882,1,1.0979758635182204,6.153166770390324,47.33582344280961,road,large,0.5760681032919556,2033,0
52,4391.903454072882,1,1.0979758635182204,5.319601368458224,47.07060581767057,road,large,0.5829335874425579,2034,0
53,4391.903454072882,1,1.0979758635182204,5.170233439193096,47.0324649998648,road,large,0.5897990715931601,2034,0
54,4390.4,1,1.0976,4.8147808,45.29202,hub,large,0.5966622055235865,2034,0
55,4206.690796980039,1,1.0516726992450096,6.153323467009044,43.41051955099898,road,large,0.6032381626900328,2034,1
56,4206.690796980039,1,1.0516726992450096,7.366670364166511,43.74520979912986,road,large,0.6098141198564793,2034,1
57,4206.690796980039,1,1.0516726992450096,7.483722004254011,43.79715090031751,road,large,0.6163900770229256,2034,0
58,4085.76,1,1.0214,1.6118771,50.7259985,hub,large,0.622776993496955,2034,0
59,4067.84,1,1.017,2.4821778666666665,48.597845033333336,hub,large,0.6291358971794317,2034,1
60,4014.08,1,1.0034999999999998,3.9070658,47.4885365,hub,large,0.6354107624872501,2034,1
61,3965.025621727088,1,0.991256405431772,2.240432847246608,46.19907440426714,road,large,0.641608945313299,2034,0
62,3965.025621727088,1,0.991256405431772,2.418072921182057,46.29172062060176,road,large,0.6478071281393479,2034,1
63,3924.48,1,0.9811,5.40338,47.0371,hub,large,0.6539419294894026,2034,0
64,3870.72,1,0.9677,-0.87698975,47.0523826,hub,large,0.6599926924647987,2034,1
65,3816.96,1,0.9542,3.0978047,45.83526155,hub,large,0.6659594170655369,2035,1
66,3808.6480336637255,1,0.9521620084159312,-1.3371337656867957,48.62398785047724,road,large,0.6719131482856738,2035,0
67,3808.6480336637255,1,0.9521620084159312,-0.4672361667078279,49.158923933145935,road,large,0.6778668795058107,2035,1
68,3727.36,1,0.9318,-117.8704931,33.7500378,hub,large,0.6836935401487849,2035,1
69,3677.1716167551176,1,0.9192929041887794,-3.352024767070826,47.77856753379444,road,large,0.689441745617752,2035,0
70,3677.1716167551176,1,0.9192929041887794,-4.408383228036626,48.39650374219637,road,large,0.695189951086719,2035,0
71,3601.92,1,0.9005,-1.4611915,43.5405622,hub,large,0.7008205221888238,2035,0
72,3440.64,1,0.8602,-1.078488233333333,46.0787621,hub,large,0.706198978166954,2035,0
73,3297.28,1,0.8243,2.6073963,46.3400296,hub,large,0.7113533318126619,2035,1
74,3261.44,1,0.8154,2.9557006,48.3849647,hub,large,0.7164516598752644,2035,1
75,3261.44,1,0.8154,2.8385118,49.67595563333333,hub,large,0.7215499879378668,2035,1
76,3207.68,1,0.8019,-0.3466615,46.2595794,hub,large,0.726564277625811,2035,1
77,3189.76,1,0.7974,7.6165987,48.5214122,hub,large,0.7315505545222024,2035,1
78,3118.08,1,0.7795000000000001,0.3250000000000002,49.0211111,hub,large,0.7364247802523828,2036,1
79,3028.48,1,0.7570999999999999,1.3667588,48.7262676,hub,large,0.7411589420247993,2036,1
80,2992.64,1,0.7482,3.6011231,50.3870769,hub,large,0.7458370782141103,2036,0
81,2938.88,1,0.7347,1.94731682,47.90594698,hub,large,0.7504311760287631,2036,0
82,2920.96,1,0.7302,3.83236095,43.52913485,hub,large,0.754997261051863,2036,0
83,2849.28,1,0.7123,2.8323842333333333,50.28981016666667,hub,large,0.7594512949087521,2036,1
84,2827.084852465551,1,0.7067712131163878,5.164026036686764,47.344957414347725,road,large,0.763870633004404,2036,1
85,2827.084852465551,1,0.7067712131163878,5.287071457819081,47.93015943864478,road,large,0.7682899711000561,2036,1
86,2827.084852465551,1,0.7067712131163878,5.899673413273241,48.48507948650719,road,large,0.7727093091957081,2036,0
87,2827.084852465551,1,0.7067712131163878,6.106938436318125,49.36241531782738,road,large,0.7771286472913602,2036,0
88,2827.084852465551,1,0.7067712131163878,6.115261447330646,49.43271226676324,road,large,0.7815479853870122,2036,1
89,2813.44,1,0.7034,2.9549603,49.2162403,hub,large,0.7859459936607956,2036,0
90,2795.52,1,0.6989,0.272729625,49.459584,hub,large,0.7903159891430264,2036,1
91,2777.6000000000004,1,0.6944,0.7795281500000001,47.40639565,hub,large,0.7946579718337042,2037,1
92,2741.76,1,0.6854,3.1191470333333333,50.626484966666666,hub,large,0.7989439289412766,2037,0
93,2620.3765445824224,1,0.6550941361456056,-0.4832184981693014,48.0564616153189,road,large,0.8030401377545093,2037,0
94,2620.3765445824224,1,0.6550941361456056,-0.8332726566831677,48.107485998025794,road,large,0.807136346567742,2037,1
95,2580.48,1,0.6451,5.348031,49.1706321,hub,large,0.8111701885513396,2037,0
96,2544.64,1,0.6362,-0.2449274,44.5530659,hub,large,0.8151480049518316,2037,1
97,2526.7200000000003,1,0.6317,1.386333,43.737415350000006,hub,large,0.8190978085607709,2037,1
98,2500.045763406925,1,0.6250114408517312,2.7750017326875143,48.21621365633597,road,large,0.8230059146345811,2037,1
99,2500.045763406925,1,0.6250114408517312,3.659101216100502,47.796680223375965,road,large,0.8269140207083914,2037,0
100,2500.045763406925,1,0.6250114408517312,4.116414390797281,47.49714450635409,road,large,0.8308221267822016,2037,0
101,2500.045763406925,1,0.6250114408517312,4.859624150499589,47.00049723958791,road,large,0.8347302328560119,2037,1
102,2500.045763406925,1,0.6250114408517312,4.82697842513357,46.35098160389453,road,large,0.8386383389298221,2037,0
103,2500.045763406925,1,0.6250114408517312,4.73603189493353,45.978836672539536,road,large,0.8425464450036324,2037,0
104,2455.04,1,0.6138,3.0179003,50.5127102,hub,large,0.8463841974463606,2038,0
105,2437.12,1,0.6093,3.914409,50.2954202,hub,large,0.8501939370975361,2038,1
106,2401.28,1,0.6003000000000001,5.7302769,46.6591772,hub,large,0.853947651165606,2038,0
107,2401.28,1,0.6003000000000001,4.7621660666666665,46.0157993,hub,large,0.857701365233676,2038,1
108,1997.8830325894428,1,0.9989415162947214,1.2307826173404142,47.97737559754724,road,medium,0.8608244835896317,2038,0
109,1997.8830325894428,1,0.9989415162947214,0.1601671345671602,46.2114804408092,road,medium,0.8639476019455874,2038,1
110,1997.8830325894428,1,0.9989415162947214,-0.2289432110130343,45.32195960312026,road,medium,0.867070720301543,2038,0
111,1997.8830325894428,1,0.9989415162947214,-0.2734496792394273,45.24043326446728,road,medium,0.8701938386574987,2038,1
112,1989.12,1,0.9946,3.4978181,48.492439,hub,medium,0.8733032585198551,2038,0
113,1951.8533765922832,1,0.9759266882961416,3.242238178209452,44.64130089663044,road,medium,0.8763544226816873,2038,0
114,1951.8533765922832,1,0.9759266882961416,3.446472928662317,43.65626162907388,road,medium,0.8794055868435193,2038,1
115,1951.8533765922832,1,0.9759266882961416,3.283802841060554,43.34566879882294,road,medium,0.8824567510053515,2038,1
116,1949.5024299522104,1,0.9747512149761052,2.7696678052124417,48.06245935903253,road,medium,0.8855042401349191,2038,0
117,1949.5024299522104,1,0.9747512149761052,2.1958541299163987,48.114848625760814,road,medium,0.8885517292644869,2039,1
118,1933.297749885398,1,0.966648874942699,1.851578857240029,48.08438486744445,road,medium,0.8915738870143172,2039,1
119,1933.297749885398,1,0.966648874942699,1.506053020112609,47.73070989708539,road,medium,0.8945960447641476,2039,1
120,1933.297749885398,1,0.966648874942699,0.5489459337021962,46.95218046111173,road,medium,0.8976182025139778,2039,0
121,1933.297749885398,1,0.966648874942699,0.3479900372412308,46.62314981719808,road,medium,0.9006403602638082,2039,1
122,1933.297749885398,1,0.966648874942699,-0.4360219091483783,46.2383786965198,road,medium,0.9036625180136384,2039,0
123,1933.297749885398,1,0.966648874942699,-0.5999157235849718,45.57627441561726,road,medium,0.9066846757634688,2039,1
124,1921.4392113522165,1,0.9607196056761084,0.869293969817245,46.26372348566887,road,medium,0.9096882960820466,2039,0
125,1921.4392113522165,1,0.9607196056761084,0.3930094192566207,46.585067698100765,road,medium,0.9126919164006242,2039,1
126,1877.2455661976055,1,0.9386227830988028,2.021115552013488,47.41778759850708,road,medium,0.9156264526025906,2039,1
127,1877.2455661976055,1,0.9386227830988028,2.1194176536925013,47.20800802246639,road,medium,0.9185609888045568,2039,1
128,1877.2455661976055,1,0.9386227830988028,2.7147035729468505,46.39720704321254,road,medium,0.9214955250065232,2039,0
129,1877.2455661976055,1,0.9386227830988028,3.160583961957347,45.8433306210893,road,medium,0.9244300612084896,2039,0
0,4390.4,1,1.0976,-1.7236873,47.227907575,hub,large,0.082243959289317,2024,0
1,3440.6399999999994,1,0.8602,4.8068959,43.51376845,hub,large,0.1466963682017614,2024,0
2,3269.8738453607893,1,0.8174684613401973,2.871694551830265,50.10113427032396,road,large,0.20794986934495,2024,0
3,3269.8738453607893,1,0.8174684613401973,2.900111614837857,50.31465862370554,road,large,0.2692033704881387,2024,0
4,2525.2798881055114,1,0.6313199720263779,4.797245451617696,44.6710621306595,road,large,0.3165086311275977,2024,1
5,2525.2798881055114,1,0.6313199720263779,5.229410711910947,43.55796565488035,road,large,0.3638138917670568,2025,0
6,2472.96,1,0.6182,3.1071152,50.70652168,hub,large,0.4101390606728762,2025,0
7,1953.28,1,0.9766,1.8226483,48.99262965,hub,medium,0.4467292303158784,2025,1
8,1899.52,1,0.9498,0.1967848999999999,48.0073849,hub,medium,0.4823123310696238,2025,1
9,1833.44849278428,1,0.9167242463921398,3.659101216100502,47.796680223375965,road,medium,0.5166577354062697,2025,1
10,1833.44849278428,1,0.9167242463921398,4.859624150499589,47.00049723958791,road,medium,0.5510031397429155,2026,0
11,1756.16,1,0.8781,2.7442236,49.0859622,hub,medium,0.5839007234586423,2026,1
12,1738.24,1,0.8691,-0.500972,43.8911318,hub,medium,0.6164626175446168,2026,1
13,1727.7398603371616,1,0.8638699301685808,5.287071457819081,47.93015943864478,road,medium,0.6488278158718991,2026,1
14,1727.7398603371616,1,0.8638699301685808,6.106938436318125,49.36241531782738,road,medium,0.6811930141991812,2026,1
15,1684.48,1,0.8422,2.133125958056288,47.929667775,hub,medium,0.7127478393958989,2027,1
16,1648.64,1,0.8243,1.12658455,49.2721432,hub,medium,0.7436312853331118,2027,0
17,1610.436274044585,1,0.8052181370222925,5.319601368458224,47.07060581767057,road,medium,0.773799073088342,2027,0
18,1610.436274044585,1,0.8052181370222925,5.170233439193096,47.0324649998648,road,medium,0.8039668608435722,2027,0
19,990.2720041997802,1,0.9902720041997802,0.6227616634793093,44.14766528731921,road,small,0.8225173096406652,2027,1
20,990.2720041997802,1,0.9902720041997802,1.401982162269939,43.71629670670593,road,small,0.8410677584377582,2028,1
21,976.78628886874,1,0.97678628886874,0.1601671345671602,46.2114804408092,road,small,0.8593655836418589,2028,1
22,976.78628886874,1,0.97678628886874,-0.2734496792394273,45.24043326446728,road,small,0.8776634088459595,2028,1
23,967.68,1,0.9677,2.303717033333333,48.72079506666667,hub,small,0.8957906488525845,2028,1
24,967.68,1,0.9677,-0.2449274,44.5530659,hub,small,0.9139178888592095,2028,1
25,931.84,1,0.9318,-4.400979,48.4346366,hub,small,0.9313737496063298,2029,1
26,917.8053469550974,1,0.9178053469550974,2.1194176536925013,47.20800802246639,road,small,0.9485667036857968,2029,1
27,917.8053469550974,1,0.9178053469550974,3.160583961957347,45.8433306210893,road,small,0.965759657765264,2029,1
28,913.92,1,0.9139,2.1089221,49.33314875,hub,small,0.982879828882632,2029,1
29,913.92,1,0.9139,2.6073963,46.3400296,hub,small,1.0,2029,0
